<?xml version="1.0" encoding="UTF-8"?>
<unload unload_date="2019-03-22 17:29:27">
<sys_ui_action action="INSERT_OR_UPDATE">
<action_name>create_iteration</action_name>
<active>true</active>
<client>true</client>
<client_script_v2/>
<comments/>
<condition>(current.cat_item == "c5d63492db0ad30821542dba0b961978" || current.cat_item == "c1b43d04dbf71f8423df42fa0b9619a6" ) &amp;&amp; current.active == true</condition>
<form_action>true</form_action>
<form_button>true</form_button>
<form_button_v2>false</form_button_v2>
<form_context_menu>false</form_context_menu>
<form_link>false</form_link>
<form_menu_button_v2>false</form_menu_button_v2>
<form_style/>
<hint/>
<isolate_script>false</isolate_script>
<list_action>false</list_action>
<list_banner_button>false</list_banner_button>
<list_button>false</list_button>
<list_choice>false</list_choice>
<list_context_menu>false</list_context_menu>
<list_link>false</list_link>
<list_save_with_form_button>false</list_save_with_form_button>
<list_style/>
<name>Create new iteration</name>
<onclick>createNewIteration()</onclick>
<order>100</order>
<script><![CDATA[function createNewIteration(){
	var dialog = new GlideDialogWindow("demand_iteration");
	dialog.setTitle('');
	dialog.setPreference('sysparm_sid', g_form.getUniqueValue());
	dialog.render();
}]]></script>
<show_insert>true</show_insert>
<show_multiple_update>false</show_multiple_update>
<show_query>false</show_query>
<show_update>true</show_update>
<sys_class_name>sys_ui_action</sys_class_name>
<sys_created_by>alex.hazlett@crossfuze.com</sys_created_by>
<sys_created_on>2018-06-07 15:37:18</sys_created_on>
<sys_customer_update>false</sys_customer_update>
<sys_domain>global</sys_domain>
<sys_domain_path>/</sys_domain_path>
<sys_id>0940ccfddb6edf0021542dba0b9619ba</sys_id>
<sys_mod_count>22</sys_mod_count>
<sys_name>Create new iteration</sys_name>
<sys_overrides display_value=""/>
<sys_package display_value="Global" source="global">global</sys_package>
<sys_policy/>
<sys_replace_on_upgrade>false</sys_replace_on_upgrade>
<sys_scope display_value="Global">global</sys_scope>
<sys_update_name>sys_ui_action_0940ccfddb6edf0021542dba0b9619ba</sys_update_name>
<sys_updated_by>tgoodhew</sys_updated_by>
<sys_updated_on>2018-08-07 16:04:38</sys_updated_on>
<table>sc_req_item</table>
<ui11_compatible>true</ui11_compatible>
<ui16_compatible>false</ui16_compatible>
</sys_ui_action>
</unload>
