<?xml version="1.0" encoding="UTF-8"?>
<unload unload_date="2019-03-22 17:28:42">
<sys_ui_page action="INSERT_OR_UPDATE">
<category>general</category>
<client_script><![CDATA[//gel("standard_template").style.display = "none";

function typeChanges(){
	var ctEL = document.getElementById("change_type");
	var change_type = ctEL.options[ctEL.selectedIndex].value;
	
	if(change_type == "standard"){
		gel("standard_template_div").style.display = "block";
	}else{
		gel("standard_template_div").style.display = "none";
	}
}
function validateInput(){
	var templateID = gel("QUERY:active=true").value;
	var templateDisplay = gel("sys_display.QUERY:active=true").value;
	var checks = document.getElementsByClassName("taskCHK");
	var description = [];
	var tasks = [];
	var sids = [];
	
	var isValid = false;
	
	for(var i=0;i<checks.length;i++){
		if(gel(checks[i]).checked){
			isValid = true;
			description.push(gel(checks[i]).getAttribute("number") + " - " + gel(checks[i]).getAttribute("short_description"));
			tasks.push(gel(checks[i]).getAttribute("number"));
			sids.push(gel(checks[i]).getAttribute("sys_id"));
		}
	}
	if(!isValid){
		alert("You must select Deploy tasks to create the change from.");
		return false;
	}
	var ctEL = document.getElementById("change_type");
	var change_type = ctEL.options[ctEL.selectedIndex].value;
	
	var ga = new GlideAjax('DemandUtilsAjax');
	ga.addParam('sysparm_name','createChange');
	ga.addParam('sysparm_type', change_type);
	ga.addParam('sysparm_parent', document.getElementById("sid").value);
	ga.addParam('sysparm_template', templateDisplay);
	ga.addParam('sysparm_template_id', templateID);
	ga.addParam('sysparm_tasks', tasks.toString());
	ga.addParam('sysparm_task_sids', sids.toString());
	ga.addParam('sysparm_deploy_ci', document.getElementById("ci").value);
	ga.getXML(ajaxResponse);	
}


function ajaxResponse(serverResponse) {
	var answer = serverResponse.responseXML.documentElement.getAttribute("answer");
	
	gel("change_message").innerHTML = answer;
	gel("task_selection").style.display = "none";
	gel("completed_message").style.display = "block";
}
function closeDialog() {
	GlideDialogWindow.get().destroy();
}]]></client_script>
<description/>
<direct>false</direct>
<endpoint/>
<html><![CDATA[<?xml version="1.0" encoding="utf-8" ?>
<j:jelly trim="false" xmlns:j="jelly:core" xmlns:g="glide" xmlns:j2="null" xmlns:g2="null">
	<j:set var="jvar_current" value="${RP.getWindowProperties().get('sysparm_current')}"/>
<div class="pop-main-container">
	<g:evaluate jelly="true">
        var gr = new GlideRecord("sc_req_item");
		gr.get(RP.getWindowProperties().get('sysparm_sid'));
		
		var ciGR = new GlideRecord("cmdb_ci");
		ciGR.get(RP.getWindowProperties().get('sysparm_ci'));
    </g:evaluate>
	<g:evaluate jelly="true">
        var taskGR = new GlideRecord("sc_task");
		taskGR.addQuery("active",false);
		taskGR.addQuery("parent",gr.sys_id);
		taskGR.addQuery("short_description","CONTAINS","] Deploy -");
		taskGR.orderBy("sys_created_on");
		taskGR.query();
		
    </g:evaluate>
		
	<input id="sid" type="hidden" value="${RP.getWindowProperties().get('sysparm_sid')}"/>
	
	<div class="title">Create Change Request</div>
<div id="task_selection">
	<div style="margin-top: 25px;">
		<div>
			<label for="change_type">Change Type</label>
			<select name="change_type" id="change_type" class="form-control" onchange="typeChanges()">
				<option value="normal">Normal / Comprehensive</option>
				<option value="standard">Standard</option>
			</select>
			<div id="standard_template_div" style="display:none;margin-top:5px;">
				<label for="standard_template">Template</label>
				<g:ui_reference name="QUERY:active=true" id="standard_template" table="std_change_record_producer" />
			</div>
			
			<div style="margin-top:5px;">
				<label for="ci">Configuration Item</label>
				<g:ui_reference name="ci" id="ci" table="cmdb_ci" value="${ciGR.sys_id}" displayvalue="${ciGR.getDisplayValue()}" completer="AJAXTableCompleter" columns="sys_class_name;install_status" />
			</div>
			
		</div>
		<div class="instructions">
			<div>Select the Deploy task you would like to create a change for.</div><div>Selecting multiple Deploy tasks will consolidate them into one change request.</div>
		</div>
		
		<j:while test="${taskGR.next()}">
			
			<g:set_if var="jvar_disabled" test="${taskGR.active == false &amp;&amp; taskGR.u_change_request == ''}" true="" false=" disabled"/>
				<label class="pop_container ${jvar_disabled}" title="" id="${taskGR.number}_label">${taskGR.short_description}	
					<j:if test="${taskGR.u_change_request != ''}">
						<font style="color:#278efc;margin-left:10px;">
							(${taskGR.u_change_request.getDisplayValue()})
						</font>
					</j:if>
	<j:set var="jvar_gr" value="${taskGR.sys_id}"/>
					<j:if test="${jvar_gr == jvar_current}">
						<input type="checkbox" name="${taskGR.sys_id}" id="${taskGR.number}" sys_id="${taskGR.sys_id}" number="${taskGR.number}" short_description="${taskGR.short_description}" class="taskCHK" checked="checked"></input>
					</j:if>
					<j:if test="${jvar_gr != jvar_current}">
						<input type="checkbox" name="${taskGR.sys_id}" id="${taskGR.number}" sys_id="${taskGR.sys_id}" number="${taskGR.number}" short_description="${taskGR.short_description}" class="taskCHK" data-original-title="Current Task"></input>
					</j:if>
					<span class="checkmark"></span>
				</label>	
		</j:while>
	</div>
	<div style="width:100%" id="chks">
		<div style="text-align: center;padding-bottom:15px;"> 
			<g:dialog_buttons_ok_cancel ok="return validateInput()" ok_type="button" cancel_type="button" />
		</div>
	</div>
</div>
	<div id="completed_message" style="display:none;text-align: center;padding-bottom:15px;">
		<div>
			<div class="icon-check-circle" style="font-size:80px;color:#20a520"></div>
		</div>
		<div style="font-size:16px;margin-bottom:5px;" id="change_message"></div>
        <button class="btn btn-primary" id="cncl_button" onclick="return closeDialog()" style="min-width: 5em;" title="" type="button">OK</button>
	</div>
</div>
	<style>
		.additional-title{
		    font-size: 17px;
			background: #d5d5d5;
			width: 210px;
			margin-left: 2px;
			margin-bottom: -3px;
			border: 1px solid darkgrey;
			position: relative;
			text-align: center;
			padding: 2px;
		}
		label.pop_container.disabled {
			opacity: .5;
			pointer-events: none;
		}
		.instructions {
			background: #c2eeff;
			padding: 5px;
			border: 1px solid #6caac1;
			border-radius: 8px;
			margin-top: 10px;
			margin-bottom: 10px;
		}
		<!--
		.pop_container[title]:hover:after {
			content: attr(title);
			position: absolute;
			left: -200px;
			top: 2px;
			width: 200px;
			border: 1px solid #cdcdcd;
			border-radius: 3px;
			padding: 2px 10px;
			background: #d1ebff;
			white-space: pre-line;
			overflow-y:auto;
			max-height:300px;
			display:block;
		}-->
		#ztoListCollector_edit table{
			width:100%;
		}
		#select_0toListCollector{
			width:210px !important;
		}
		#select_0toListCollector option{
			font-size: 16px
		}
		
		input#sys_display.ztoListCollector{
			width: 190px !important;
		}
		.pop-main-container{
			padding:0 25px;
		width:500px;
		}
		.title {
			font-size: 17px;
			position: absolute;
			top: 0px;
			padding: 10px 0;
			background-color: #d5d5d5;
			text-align: center;
			width: 100%;
			border-top-left-radius: 3px;
			border-top-right-radius: 3px;
			left: 0;
		}
/* The container */
.pop_container {
    display: block;
    position: relative;
    padding-left: 35px;
    margin-bottom: 12px;
    cursor: pointer;
    font-size: 17px;
    -webkit-user-select: none;
    -moz-user-select: none;
    -ms-user-select: none;
    user-select: none;
}

/* Hide the browser's default checkbox */
.pop_container input {
    position: absolute;
    opacity: 0;
    cursor: pointer;
}

/* Create a custom checkbox */
.checkmark {
    position: absolute;
	border: 1px solid #197ece;
    border-radius: 6px;
    top: 2px;
    left: 4px;
    height: 22px;
    width: 22px;
    background-color: #eee;
}

/* On mouse-over, add a grey background color */
.pop_container:hover input ~ .checkmark {
    background-color: #ccc;
}

/* When the checkbox is checked, add a blue background */
.pop_container input:checked ~ .checkmark {
    background-color: #2196F3;
	border: 1px solid #197ece;
    border-radius: 6px;
}

/* Create the checkmark/indicator (hidden when not checked) */
.checkmark:after {
    content: "";
    position: absolute;
    display: none;
}

/* Show the checkmark when checked */
.pop_container input:checked ~ .checkmark:after {
    display: block;
}

/* Style the checkmark/indicator */
.pop_container .checkmark:after {
    left: 7px;
    top: 2px;
    width: 7px;
    height: 14px;
    border: solid white;
    border-width: 0 3px 3px 0;
    -webkit-transform: rotate(45deg);
    -ms-transform: rotate(45deg);
    transform: rotate(45deg);
}
		
		.disabled .checkmark{
			display:none;
		}
</style>
</j:jelly>]]></html>
<name>consolidate_demand_change</name>
<processing_script/>
<sys_class_name>sys_ui_page</sys_class_name>
<sys_created_by>alex.hazlett@crossfuze.com</sys_created_by>
<sys_created_on>2018-06-12 18:26:58</sys_created_on>
<sys_customer_update>false</sys_customer_update>
<sys_id>b0f41e1bdbaa5f8023df42fa0b96191a</sys_id>
<sys_mod_count>130</sys_mod_count>
<sys_name>consolidate_demand_change</sys_name>
<sys_package display_value="Global" source="global">global</sys_package>
<sys_policy/>
<sys_replace_on_upgrade>false</sys_replace_on_upgrade>
<sys_scope display_value="Global">global</sys_scope>
<sys_update_name>sys_ui_page_b0f41e1bdbaa5f8023df42fa0b96191a</sys_update_name>
<sys_updated_by>tgoodhew</sys_updated_by>
<sys_updated_on>2018-11-21 20:22:27</sys_updated_on>
</sys_ui_page>
</unload>
