<?xml version="1.0" encoding="UTF-8"?>
<unload unload_date="2019-03-22 17:16:47">
<sys_ui_page action="INSERT_OR_UPDATE">
<category>general</category>
<client_script><![CDATA[// code to run on load
if (document.getElementById('config_item').value != "") {
 	document.getElementById('ciGlyph').classList.toggle('required');
 	document.getElementById('ciGlyph').classList.toggle('notrequired');
}

function checkMandatory(){
	if (document.getElementById('config_item').value == "") {
		document.getElementById('ciGlyph').classList.add('required');
		document.getElementById('ciGlyph').classList.remove('notrequired');
	} else {
		document.getElementById('ciGlyph').classList.remove('required');
		document.getElementById('ciGlyph').classList.add('notrequired');
	}
}

function validateInput(){
	
	var CI = gel(config_item).value;
	 
 	if(!CI){
		document.getElementById('ciGlyph').setAttribute("class", "glyphicon glyphicon-asterisk required");
 		return false;
 	}
	 
	ciWasValidated = true; // global variable set in client script "Confirm CI on Resolve/Close(CB)"
	GlideDialogWindow.get().destroy();
	g_form.setValue("cmdb_ci", CI);
	g_form.save();
	return true;
 }]]></client_script>
<description>dialog box used by the Incident form on close to verify the CI.</description>
<direct>false</direct>
<endpoint/>
<html><![CDATA[<?xml version="1.0" encoding="utf-8" ?>
<j:jelly trim="false" xmlns:j="jelly:core" xmlns:g="glide" xmlns:j2="null" xmlns:g2="null">
	<!-- get the properties passed in from the client script -->
	<g:evaluate var="jvar_ci_sysID" expression="RP.getWindowProperties().get('sysparm_ci_sysID')" />
	<g:evaluate var="jvar_ci_name" expression="RP.getWindowProperties().get('sysparm_ci_name')" />
	
	<!-- Main Container Starts here -->
	<div class="pop-main-container form-horizontal" >
			<p class="instructions">
				Please verify the configuration item associated to this incident is correct.
			</p>
			<div class="form-group">
				
				<label id="ciLabel" class="control-label col-sm-4" for="config_item">
					<span id="ciGlyph" class="glyphicon glyphicon-asterisk required"></span>
					${gs.getMessage('Configuration Item')}
				</label>
				<div class="col-sm-8">
					<g:ui_reference name="config_item" id="config_item"  table="cmdb_ci" value="${jvar_ci_sysID}"  completer="AJAXTableCompleter"  displayvalue="${jvar_ci_name}" columns="sys_class_name" onchange="checkMandatory()"/>
				</div>
			</div>
		
			<!--  ***  OK/Cancel Buttons &amp; Confirmation Icon/Button -->
			<div class="form-group pull-right" style="padding-right: 20px;"> 
				<g:dialog_buttons_ok_cancel ok="return validateInput()" ok_type="button" cancel_type="button" />
			</div>
	</div>
	
<style>
	.pop-main-container {
		padding: 0 25px;
		width: 500px;
		border-top: 1px solid Gainsboro;
	}
	
	.instructions {
		margin-top: 14px;
		margin-bottom: 14px;
	}
	
	span.required {
		margin-right: 5px;
		color: red;
	}
	
	span.notrequired {
		margin-right: 5px;
		color: lightgrey;
	}
	
</style>

</j:jelly>]]></html>
<name>incident_confirm_ci</name>
<processing_script/>
<sys_class_name>sys_ui_page</sys_class_name>
<sys_created_by>tgoodhew</sys_created_by>
<sys_created_on>2019-01-10 17:36:44</sys_created_on>
<sys_customer_update>false</sys_customer_update>
<sys_id>219cb12b1bbe63000e580fa2cd4bcbad</sys_id>
<sys_mod_count>113</sys_mod_count>
<sys_name>incident_confirm_ci</sys_name>
<sys_package display_value="Global" source="global">global</sys_package>
<sys_policy/>
<sys_replace_on_upgrade>false</sys_replace_on_upgrade>
<sys_scope display_value="Global">global</sys_scope>
<sys_update_name>sys_ui_page_219cb12b1bbe63000e580fa2cd4bcbad</sys_update_name>
<sys_updated_by>tgoodhew</sys_updated_by>
<sys_updated_on>2019-01-24 20:00:22</sys_updated_on>
</sys_ui_page>
</unload>
