<?xml version="1.0" encoding="UTF-8"?>
<unload unload_date="2019-03-22 17:23:33">
<sys_script_client action="INSERT_OR_UPDATE">
<active>true</active>
<applies_extended>false</applies_extended>
<condition/>
<description>Validate the CI when the state is set to Resolved or Closed.</description>
<field>active</field>
<global>true</global>
<isolate_script>false</isolate_script>
<messages/>
<name>Confirm CI on Resolve/Close - onSubmit (CB)</name>
<order>200</order>
<script><![CDATA[ciWasValidated = false;

function onSubmit() {
	var confirmCI = false;
	var state = g_form.getControl("state");
	var stateNewValue = g_form.getValue("state");
	var stateEl = g_form.getElement('state');

	if (!ciWasValidated){
		if (stateEl){
			var origStateEl = g_form.getElement("sys_original." + stateEl.id);
			if (origStateEl){
				var origStateValue = origStateEl.value;
				if (g_form.isNewRecord() && (stateNewValue == '6' || stateNewValue == '7')){
					confirmCI = true;
				} else if (state.changed && ((stateNewValue == '6' && origStateValue != '7') || (stateNewValue == '7' && origStateValue !='6' ))){
					confirmCI = true;
				}
			}
		}
	
		if (confirmCI){
			var dialog = new GlideDialogWindow("incident_confirm_ci");
			dialog.setTitle('Confirm Configuration Item');
			dialog.setPreference('sysparm_ci_sysID', g_form.getValue('cmdb_ci'));
			dialog.setPreference('sysparm_ci_name', g_form.getDisplayBox('cmdb_ci').value);
			dialog.render();
			return false;
		}
	}
}]]></script>
<sys_class_name>sys_script_client</sys_class_name>
<sys_created_by>tgoodhew</sys_created_by>
<sys_created_on>2018-10-12 14:25:39</sys_created_on>
<sys_customer_update>false</sys_customer_update>
<sys_domain>global</sys_domain>
<sys_domain_path>/</sys_domain_path>
<sys_id>9ce2f56adb8de38023df42fa0b9619b7</sys_id>
<sys_mod_count>73</sys_mod_count>
<sys_name>Confirm CI on Resolve/Close - onSubmit (CB)</sys_name>
<sys_overrides display_value="">global</sys_overrides>
<sys_package display_value="" source="global">global</sys_package>
<sys_policy/>
<sys_replace_on_upgrade>false</sys_replace_on_upgrade>
<sys_scope display_value="">global</sys_scope>
<sys_update_name>sys_script_client_9ce2f56adb8de38023df42fa0b9619b7</sys_update_name>
<sys_updated_by>tgoodhew</sys_updated_by>
<sys_updated_on>2019-01-23 21:58:52</sys_updated_on>
<table>incident</table>
<type>onSubmit</type>
<ui_type>10</ui_type>
<view/>
</sys_script_client>
</unload>
